Points_0,Points_1,Points_2,U_0,U_1,U_2,k
7.400000,-0.100000,0.000000,0.000000,0.000000,0.000000,0.003813
7.400200,-0.100000,0.000000,0.000019,0.009546,-0.000000,0.003789
7.400400,-0.100000,0.000000,0.000039,0.019115,-0.000000,0.003765
7.400600,-0.100000,0.000000,0.000058,0.028661,-0.000000,0.003742
7.400800,-0.100000,0.000000,0.000077,0.038230,-0.000000,0.003718
7.401000,-0.100000,0.000000,0.000097,0.047776,-0.000000,0.003694
7.401200,-0.100000,0.000000,0.000116,0.057345,-0.000000,0.003670
7.401400,-0.100000,0.000000,0.000136,0.066891,-0.000000,0.003647
7.401600,-0.100000,0.000000,0.000155,0.076438,-0.000000,0.003623
7.401800,-0.100000,0.000000,0.000174,0.086007,-0.000000,0.003599
7.402000,-0.100000,0.000000,0.000194,0.095553,-0.000000,0.003576
7.402200,-0.100000,0.000000,0.000213,0.105122,-0.000000,0.003552
7.402400,-0.100000,0.000000,0.000232,0.114668,-0.000000,0.003528
7.402600,-0.100000,0.000000,0.000252,0.124237,-0.000000,0.003504
7.402800,-0.100000,0.000000,0.000271,0.133783,-0.000000,0.003481
7.403000,-0.100000,0.000000,0.000290,0.143329,-0.000000,0.003457
7.403200,-0.100000,0.000000,0.000310,0.152898,-0.000000,0.003433
7.403400,-0.100000,0.000000,0.000329,0.162444,-0.000000,0.003410
7.403600,-0.100000,0.000000,0.000349,0.172013,-0.000000,0.003386
7.403800,-0.100000,0.000000,0.000359,0.175071,-0.000000,0.003366
7.404000,-0.100000,0.000000,0.000368,0.176695,-0.000000,0.003348
7.404200,-0.100000,0.000000,0.000377,0.178315,-0.000000,0.003330
7.404400,-0.100000,0.000000,0.000385,0.179935,-0.000000,0.003311
7.404600,-0.100000,0.000000,0.000394,0.181559,-0.000000,0.003293
7.404800,-0.100000,0.000000,0.000403,0.183179,-0.000000,0.003274
7.405000,-0.100000,0.000000,0.000412,0.184803,-0.000000,0.003256
7.405200,-0.100000,0.000000,0.000420,0.186423,-0.000000,0.003237
7.405400,-0.100000,0.000000,0.000429,0.188047,-0.000000,0.003219
7.405600,-0.100000,0.000000,0.000438,0.189667,-0.000000,0.003200
7.405800,-0.100000,0.000000,0.000446,0.191287,-0.000000,0.003182
7.406000,-0.100000,0.000000,0.000455,0.192911,-0.000000,0.003163
7.406200,-0.100000,0.000000,0.000464,0.194531,-0.000000,0.003145
7.406400,-0.100000,0.000000,0.000473,0.196155,-0.000000,0.003126
7.406600,-0.100000,0.000000,0.000481,0.197775,-0.000000,0.003108
7.406800,-0.100000,0.000000,0.000490,0.199398,-0.000000,0.003089
7.407000,-0.100000,0.000000,0.000499,0.201018,-0.000000,0.003071
7.407200,-0.100000,0.000000,0.000507,0.202638,-0.000000,0.003053
7.407400,-0.100000,0.000000,0.000471,0.203633,-0.000000,0.003051
7.407600,-0.100000,0.000000,0.000410,0.204266,-0.000000,0.003059
7.407800,-0.100000,0.000000,0.000349,0.204901,-0.000000,0.003066
7.408000,-0.100000,0.000000,0.000287,0.205534,-0.000000,0.003074
7.408200,-0.100000,0.000000,0.000226,0.206168,-0.000000,0.003082
7.408400,-0.100000,0.000000,0.000164,0.206801,-0.000000,0.003090
7.408600,-0.100000,0.000000,0.000103,0.207434,-0.000000,0.003098
7.408800,-0.100000,0.000000,0.000041,0.208069,-0.000000,0.003105
7.409000,-0.100000,0.000000,-0.000020,0.208702,-0.000000,0.003113
7.409200,-0.100000,0.000000,-0.000082,0.209336,-0.000000,0.003121
7.409400,-0.100000,0.000000,-0.000143,0.209969,-0.000000,0.003129
7.409600,-0.100000,0.000000,-0.000204,0.210604,-0.000000,0.003136
7.409800,-0.100000,0.000000,-0.000266,0.211237,0.000000,0.003144
7.410000,-0.100000,0.000000,-0.000327,0.211870,0.000000,0.003152
7.410200,-0.100000,0.000000,-0.000389,0.212504,0.000000,0.003160
7.410400,-0.100000,0.000000,-0.000450,0.213137,0.000000,0.003168
7.410600,-0.100000,0.000000,-0.000512,0.213772,0.000000,0.003175
7.410800,-0.100000,0.000000,-0.000573,0.214405,0.000000,0.003183
7.411000,-0.100000,0.000000,-0.000647,0.214895,0.000000,0.003188
7.411200,-0.100000,0.000000,-0.000737,0.215213,0.000000,0.003190
7.411400,-0.100000,0.000000,-0.000827,0.215531,0.000000,0.003192
7.411600,-0.100000,0.000000,-0.000916,0.215848,0.000000,0.003194
7.411800,-0.100000,0.000000,-0.001006,0.216165,0.000000,0.003196
7.412000,-0.100000,0.000000,-0.001095,0.216483,-0.000000,0.003198
7.412200,-0.100000,0.000000,-0.001185,0.216800,-0.000000,0.003199
7.412400,-0.100000,0.000000,-0.001275,0.217118,-0.000000,0.003201
7.412600,-0.100000,0.000000,-0.001364,0.217436,-0.000000,0.003203
7.412800,-0.100000,0.000000,-0.001454,0.217754,-0.000000,0.003205
7.413000,-0.100000,0.000000,-0.001543,0.218071,-0.000000,0.003207
7.413200,-0.100000,0.000000,-0.001633,0.218388,-0.000000,0.003209
7.413400,-0.100000,0.000000,-0.001722,0.218706,-0.000000,0.003211
7.413600,-0.100000,0.000000,-0.001812,0.219024,-0.000000,0.003212
7.413800,-0.100000,0.000000,-0.001902,0.219342,-0.000000,0.003214
7.414000,-0.100000,0.000000,-0.001991,0.219659,-0.000000,0.003216
7.414200,-0.100000,0.000000,-0.002081,0.219977,-0.000000,0.003218
7.414400,-0.100000,0.000000,-0.002170,0.220294,-0.000000,0.003220
7.414600,-0.100000,0.000000,-0.002256,0.220568,-0.000000,0.003220
7.414800,-0.100000,0.000000,-0.002332,0.220724,-0.000000,0.003217
7.415000,-0.100000,0.000000,-0.002408,0.220881,-0.000000,0.003214
7.415200,-0.100000,0.000000,-0.002484,0.221037,-0.000000,0.003211
7.415400,-0.100000,0.000000,-0.002560,0.221194,-0.000000,0.003207
7.415600,-0.100000,0.000000,-0.002636,0.221350,-0.000000,0.003204
7.415800,-0.100000,0.000000,-0.002711,0.221507,-0.000000,0.003201
7.416000,-0.100000,0.000000,-0.002787,0.221663,-0.000000,0.003198
7.416200,-0.100000,0.000000,-0.002863,0.221820,-0.000000,0.003194
7.416400,-0.100000,0.000000,-0.002939,0.221976,-0.000000,0.003191
7.416600,-0.100000,0.000000,-0.003015,0.222133,-0.000000,0.003188
7.416800,-0.100000,0.000000,-0.003091,0.222289,-0.000000,0.003185
7.417000,-0.100000,0.000000,-0.003167,0.222446,-0.000000,0.003181
7.417200,-0.100000,0.000000,-0.003242,0.222602,-0.000000,0.003178
7.417400,-0.100000,0.000000,-0.003318,0.222758,-0.000000,0.003175
7.417600,-0.100000,0.000000,-0.003394,0.222915,-0.000000,0.003172
7.417800,-0.100000,0.000000,-0.003470,0.223071,-0.000000,0.003168
7.418000,-0.100000,0.000000,-0.003546,0.223228,-0.000000,0.003165
7.418200,-0.100000,0.000000,-0.003620,0.223373,-0.000000,0.003162
7.418400,-0.100000,0.000000,-0.003678,0.223401,0.000000,0.003156
7.418600,-0.100000,0.000000,-0.003737,0.223429,0.000000,0.003151
7.418800,-0.100000,0.000000,-0.003795,0.223457,0.000000,0.003145
7.419000,-0.100000,0.000000,-0.003854,0.223484,0.000000,0.003139
7.419200,-0.100000,0.000000,-0.003912,0.223512,0.000000,0.003134
7.419400,-0.100000,0.000000,-0.003970,0.223540,0.000000,0.003128
7.419600,-0.100000,0.000000,-0.004029,0.223568,0.000000,0.003122
7.419800,-0.100000,0.000000,-0.004087,0.223596,0.000000,0.003117
7.420000,-0.100000,0.000000,-0.004146,0.223624,0.000000,0.003111
7.420200,-0.100000,0.000000,-0.004204,0.223652,0.000000,0.003106
7.420400,-0.100000,0.000000,-0.004262,0.223680,0.000000,0.003100
7.420600,-0.100000,0.000000,-0.004321,0.223708,0.000000,0.003094
7.420800,-0.100000,0.000000,-0.004379,0.223736,0.000000,0.003089
7.421000,-0.100000,0.000000,-0.004438,0.223764,0.000000,0.003083
7.421200,-0.100000,0.000000,-0.004496,0.223792,0.000000,0.003077
7.421400,-0.100000,0.000000,-0.004555,0.223819,0.000000,0.003072
7.421600,-0.100000,0.000000,-0.004613,0.223847,0.000000,0.003066
7.421800,-0.100000,0.000000,-0.004671,0.223875,0.000000,0.003061
7.422000,-0.100000,0.000000,-0.004718,0.223794,0.000000,0.003055
7.422200,-0.100000,0.000000,-0.004763,0.223702,0.000000,0.003049
7.422400,-0.100000,0.000000,-0.004808,0.223610,0.000000,0.003043
7.422600,-0.100000,0.000000,-0.004854,0.223518,0.000000,0.003037
7.422800,-0.100000,0.000000,-0.004899,0.223426,0.000000,0.003031
7.423000,-0.100000,0.000000,-0.004944,0.223334,0.000000,0.003026
7.423200,-0.100000,0.000000,-0.004989,0.223242,0.000000,0.003020
7.423400,-0.100000,0.000000,-0.005034,0.223150,0.000000,0.003014
7.423600,-0.100000,0.000000,-0.005080,0.223058,0.000000,0.003008
7.423800,-0.100000,0.000000,-0.005125,0.222966,0.000000,0.003002
7.424000,-0.100000,0.000000,-0.005170,0.222873,0.000000,0.002996
7.424200,-0.100000,0.000000,-0.005215,0.222781,0.000000,0.002991
7.424400,-0.100000,0.000000,-0.005261,0.222690,0.000000,0.002985
7.424600,-0.100000,0.000000,-0.005306,0.222597,0.000000,0.002979
7.424800,-0.100000,0.000000,-0.005351,0.222505,0.000000,0.002973
7.425000,-0.100000,0.000000,-0.005396,0.222413,-0.000000,0.002967
7.425200,-0.100000,0.000000,-0.005442,0.222321,-0.000000,0.002961
7.425400,-0.100000,0.000000,-0.005487,0.222229,-0.000000,0.002956
7.425600,-0.100000,0.000000,-0.005525,0.222058,-0.000000,0.002950
7.425800,-0.100000,0.000000,-0.005560,0.221856,-0.000000,0.002946
7.426000,-0.100000,0.000000,-0.005596,0.221654,-0.000000,0.002941
7.426200,-0.100000,0.000000,-0.005631,0.221453,-0.000000,0.002936
7.426400,-0.100000,0.000000,-0.005666,0.221251,-0.000000,0.002931
7.426600,-0.100000,0.000000,-0.005702,0.221050,-0.000000,0.002926
7.426800,-0.100000,0.000000,-0.005737,0.220848,-0.000000,0.002921
7.427000,-0.100000,0.000000,-0.005772,0.220647,-0.000000,0.002916
7.427200,-0.100000,0.000000,-0.005808,0.220445,-0.000000,0.002911
7.427400,-0.100000,0.000000,-0.005843,0.220244,-0.000000,0.002906
7.427600,-0.100000,0.000000,-0.005878,0.220042,-0.000000,0.002901
7.427800,-0.100000,0.000000,-0.005914,0.219840,-0.000000,0.002896
7.428000,-0.100000,0.000000,-0.005949,0.219639,-0.000000,0.002891
7.428200,-0.100000,0.000000,-0.005985,0.219437,-0.000000,0.002886
7.428400,-0.100000,0.000000,-0.006020,0.219236,-0.000000,0.002881
7.428600,-0.100000,0.000000,-0.006055,0.219035,-0.000000,0.002876
7.428800,-0.100000,0.000000,-0.006091,0.218833,-0.000000,0.002872
7.429000,-0.100000,0.000000,-0.006126,0.218632,-0.000000,0.002867
7.429200,-0.100000,0.000000,-0.006158,0.218379,-0.000000,0.002862
7.429400,-0.100000,0.000000,-0.006187,0.218086,-0.000000,0.002858
7.429600,-0.100000,0.000000,-0.006216,0.217791,-0.000000,0.002854
7.429800,-0.100000,0.000000,-0.006246,0.217498,-0.000000,0.002851
7.430000,-0.100000,0.000000,-0.006275,0.217204,-0.000000,0.002847
7.430200,-0.100000,0.000000,-0.006304,0.216910,-0.000000,0.002843
7.430400,-0.100000,0.000000,-0.006333,0.216616,-0.000000,0.002839
7.430600,-0.100000,0.000000,-0.006362,0.216322,-0.000000,0.002835
7.430800,-0.100000,0.000000,-0.006391,0.216029,0.000000,0.002831
7.431000,-0.100000,0.000000,-0.006421,0.215734,0.000000,0.002827
7.431200,-0.100000,0.000000,-0.006450,0.215441,0.000000,0.002823
7.431400,-0.100000,0.000000,-0.006479,0.215146,0.000000,0.002819
7.431600,-0.100000,0.000000,-0.006508,0.214853,0.000000,0.002816
7.431800,-0.100000,0.000000,-0.006537,0.214559,0.000000,0.002812
7.432000,-0.100000,0.000000,-0.006566,0.214265,0.000000,0.002808
7.432200,-0.100000,0.000000,-0.006595,0.213971,0.000000,0.002804
7.432400,-0.100000,0.000000,-0.006625,0.213677,0.000000,0.002800
7.432600,-0.100000,0.000000,-0.006654,0.213384,0.000000,0.002796
7.432800,-0.100000,0.000000,-0.006681,0.213062,0.000000,0.002793
7.433000,-0.100000,0.000000,-0.006706,0.212694,0.000000,0.002789
7.433200,-0.100000,0.000000,-0.006731,0.212327,0.000000,0.002786
7.433400,-0.100000,0.000000,-0.006756,0.211958,0.000000,0.002783
7.433600,-0.100000,0.000000,-0.006781,0.211590,0.000000,0.002780
7.433800,-0.100000,0.000000,-0.006806,0.211222,0.000000,0.002777
7.434000,-0.100000,0.000000,-0.006831,0.210854,0.000000,0.002774
7.434200,-0.100000,0.000000,-0.006856,0.210485,0.000000,0.002771
7.434400,-0.100000,0.000000,-0.006881,0.210117,0.000000,0.002767
7.434600,-0.100000,0.000000,-0.006906,0.209750,0.000000,0.002764
7.434800,-0.100000,0.000000,-0.006931,0.209381,0.000000,0.002761
7.435000,-0.100000,0.000000,-0.006956,0.209013,0.000000,0.002758
7.435200,-0.100000,0.000000,-0.006981,0.208645,0.000000,0.002755
7.435400,-0.100000,0.000000,-0.007006,0.208277,0.000000,0.002752
7.435600,-0.100000,0.000000,-0.007031,0.207908,0.000000,0.002749
7.435800,-0.100000,0.000000,-0.007056,0.207540,0.000000,0.002745
7.436000,-0.100000,0.000000,-0.007080,0.207173,0.000000,0.002742
7.436200,-0.100000,0.000000,-0.007105,0.206804,0.000000,0.002739
7.436400,-0.100000,0.000000,-0.007130,0.206426,0.000000,0.002736
7.436600,-0.100000,0.000000,-0.007151,0.205999,0.000000,0.002733
7.436800,-0.100000,0.000000,-0.007173,0.205573,0.000000,0.002731
7.437000,-0.100000,0.000000,-0.007195,0.205145,0.000000,0.002728
7.437200,-0.100000,0.000000,-0.007216,0.204719,0.000000,0.002725
7.437400,-0.100000,0.000000,-0.007238,0.204293,0.000000,0.002722
7.437600,-0.100000,0.000000,-0.007260,0.203866,0.000000,0.002719
7.437800,-0.100000,0.000000,-0.007281,0.203440,0.000000,0.002717
7.438000,-0.100000,0.000000,-0.007303,0.203013,0.000000,0.002714
7.438200,-0.100000,0.000000,-0.007325,0.202587,0.000000,0.002711
7.438400,-0.100000,0.000000,-0.007346,0.202160,0.000000,0.002708
7.438600,-0.100000,0.000000,-0.007368,0.201734,0.000000,0.002705
7.438800,-0.100000,0.000000,-0.007390,0.201308,0.000000,0.002703
7.439000,-0.100000,0.000000,-0.007411,0.200881,0.000000,0.002700
7.439200,-0.100000,0.000000,-0.007433,0.200455,0.000000,0.002697
7.439400,-0.100000,0.000000,-0.007455,0.200027,0.000000,0.002694
7.439600,-0.100000,0.000000,-0.007476,0.199601,0.000000,0.002691
7.439800,-0.100000,0.000000,-0.007498,0.199174,0.000000,0.002689
7.440000,-0.100000,0.000000,-0.007520,0.198748,0.000000,0.002686
7.440200,-0.100000,0.000000,-0.007539,0.198277,0.000000,0.002683
7.440400,-0.100000,0.000000,-0.007557,0.197804,0.000000,0.002680
7.440600,-0.100000,0.000000,-0.007576,0.197332,0.000000,0.002677
7.440800,-0.100000,0.000000,-0.007595,0.196859,0.000000,0.002675
7.441000,-0.100000,0.000000,-0.007614,0.196388,0.000000,0.002672
7.441200,-0.100000,0.000000,-0.007633,0.195915,0.000000,0.002669
7.441400,-0.100000,0.000000,-0.007652,0.195443,0.000000,0.002666
7.441600,-0.100000,0.000000,-0.007670,0.194971,0.000000,0.002663
7.441800,-0.100000,0.000000,-0.007689,0.194499,0.000000,0.002661
7.442000,-0.100000,0.000000,-0.007708,0.194027,0.000000,0.002658
7.442200,-0.100000,0.000000,-0.007727,0.193554,0.000000,0.002655
7.442400,-0.100000,0.000000,-0.007746,0.193082,0.000000,0.002652
7.442600,-0.100000,0.000000,-0.007764,0.192610,0.000000,0.002649
7.442800,-0.100000,0.000000,-0.007783,0.192138,0.000000,0.002647
7.443000,-0.100000,0.000000,-0.007802,0.191666,0.000000,0.002644
7.443200,-0.100000,0.000000,-0.007821,0.191193,-0.000000,0.002641
7.443400,-0.100000,0.000000,-0.007840,0.190722,-0.000000,0.002638
7.443600,-0.100000,0.000000,-0.007859,0.190249,-0.000000,0.002635
7.443800,-0.100000,0.000000,-0.007875,0.189748,-0.000000,0.002632
7.444000,-0.100000,0.000000,-0.007892,0.189239,-0.000000,0.002629
7.444200,-0.100000,0.000000,-0.007908,0.188732,-0.000000,0.002626
7.444400,-0.100000,0.000000,-0.007924,0.188224,-0.000000,0.002623
7.444600,-0.100000,0.000000,-0.007941,0.187716,-0.000000,0.002620
7.444800,-0.100000,0.000000,-0.007957,0.187208,-0.000000,0.002617
7.445000,-0.100000,0.000000,-0.007973,0.186699,-0.000000,0.002614
7.445200,-0.100000,0.000000,-0.007989,0.186192,-0.000000,0.002611
7.445400,-0.100000,0.000000,-0.008006,0.185683,-0.000000,0.002608
7.445600,-0.100000,0.000000,-0.008022,0.185176,-0.000000,0.002605
7.445800,-0.100000,0.000000,-0.008038,0.184668,-0.000000,0.002602
7.446000,-0.100000,0.000000,-0.008055,0.184160,-0.000000,0.002599
7.446200,-0.100000,0.000000,-0.008071,0.183652,-0.000000,0.002596
7.446400,-0.100000,0.000000,-0.008087,0.183144,-0.000000,0.002593
7.446600,-0.100000,0.000000,-0.008103,0.182636,-0.000000,0.002590
7.446800,-0.100000,0.000000,-0.008120,0.182127,-0.000000,0.002587
7.447000,-0.100000,0.000000,-0.008136,0.181620,-0.000000,0.002584
7.447200,-0.100000,0.000000,-0.008152,0.181112,-0.000000,0.002581
7.447400,-0.100000,0.000000,-0.008167,0.180586,-0.000000,0.002578
7.447600,-0.100000,0.000000,-0.008181,0.180050,-0.000000,0.002574
7.447800,-0.100000,0.000000,-0.008195,0.179513,-0.000000,0.002571
7.448000,-0.100000,0.000000,-0.008209,0.178978,-0.000000,0.002568
7.448200,-0.100000,0.000000,-0.008223,0.178441,-0.000000,0.002564
7.448400,-0.100000,0.000000,-0.008238,0.177905,-0.000000,0.002561
7.448600,-0.100000,0.000000,-0.008252,0.177369,0.000000,0.002557
7.448800,-0.100000,0.000000,-0.008266,0.176832,0.000000,0.002554
7.449000,-0.100000,0.000000,-0.008280,0.176297,0.000000,0.002551
7.449200,-0.100000,0.000000,-0.008294,0.175760,0.000000,0.002547
7.449400,-0.100000,0.000000,-0.008308,0.175224,0.000000,0.002544
7.449600,-0.100000,0.000000,-0.008322,0.174687,0.000000,0.002540
7.449800,-0.100000,0.000000,-0.008336,0.174152,0.000000,0.002537
7.450000,-0.100000,0.000000,-0.008350,0.173616,0.000000,0.002534
7.450200,-0.100000,0.000000,-0.008364,0.173079,0.000000,0.002530
7.450400,-0.100000,0.000000,-0.008378,0.172543,0.000000,0.002527
7.450600,-0.100000,0.000000,-0.008392,0.172006,0.000000,0.002523
7.450800,-0.100000,0.000000,-0.008406,0.171471,0.000000,0.002520
7.451000,-0.100000,0.000000,-0.008419,0.170924,0.000000,0.002516
7.451200,-0.100000,0.000000,-0.008432,0.170366,0.000000,0.002513
7.451400,-0.100000,0.000000,-0.008444,0.169806,0.000000,0.002509
7.451600,-0.100000,0.000000,-0.008456,0.169249,0.000000,0.002505
7.451800,-0.100000,0.000000,-0.008468,0.168691,0.000000,0.002501
7.452000,-0.100000,0.000000,-0.008480,0.168131,0.000000,0.002497
7.452200,-0.100000,0.000000,-0.008492,0.167573,0.000000,0.002493
7.452400,-0.100000,0.000000,-0.008504,0.167014,0.000000,0.002489
7.452600,-0.100000,0.000000,-0.008517,0.166456,0.000000,0.002486
7.452800,-0.100000,0.000000,-0.008529,0.165897,0.000000,0.002482
7.453000,-0.100000,0.000000,-0.008541,0.165339,0.000000,0.002478
7.453200,-0.100000,0.000000,-0.008553,0.164781,0.000000,0.002474
7.453400,-0.100000,0.000000,-0.008565,0.164222,0.000000,0.002470
7.453600,-0.100000,0.000000,-0.008577,0.163664,0.000000,0.002466
7.453800,-0.100000,0.000000,-0.008589,0.163105,0.000000,0.002463
7.454000,-0.100000,0.000000,-0.008602,0.162547,0.000000,0.002459
7.454200,-0.100000,0.000000,-0.008614,0.161988,0.000000,0.002455
7.454400,-0.100000,0.000000,-0.008626,0.161430,0.000000,0.002451
7.454600,-0.100000,0.000000,-0.008637,0.160867,0.000000,0.002447
7.454800,-0.100000,0.000000,-0.008648,0.160290,0.000000,0.002443
7.455000,-0.100000,0.000000,-0.008659,0.159715,0.000000,0.002438
7.455200,-0.100000,0.000000,-0.008669,0.159138,0.000000,0.002434
7.455400,-0.100000,0.000000,-0.008680,0.158562,0.000000,0.002430
7.455600,-0.100000,0.000000,-0.008690,0.157986,0.000000,0.002426
7.455800,-0.100000,0.000000,-0.008701,0.157410,0.000000,0.002421
7.456000,-0.100000,0.000000,-0.008712,0.156835,0.000000,0.002417
7.456200,-0.100000,0.000000,-0.008722,0.156258,0.000000,0.002413
7.456400,-0.100000,0.000000,-0.008733,0.155682,0.000000,0.002408
7.456600,-0.100000,0.000000,-0.008743,0.155105,0.000000,0.002404
7.456800,-0.100000,0.000000,-0.008754,0.154530,0.000000,0.002400
7.457000,-0.100000,0.000000,-0.008765,0.153953,0.000000,0.002395
7.457200,-0.100000,0.000000,-0.008775,0.153377,0.000000,0.002391
7.457400,-0.100000,0.000000,-0.008786,0.152802,0.000000,0.002387
7.457600,-0.100000,0.000000,-0.008796,0.152225,0.000000,0.002383
7.457800,-0.100000,0.000000,-0.008807,0.151650,0.000000,0.002378
7.458000,-0.100000,0.000000,-0.008818,0.151073,0.000000,0.002374
7.458200,-0.100000,0.000000,-0.008828,0.150496,0.000000,0.002370
7.458400,-0.100000,0.000000,-0.008838,0.149905,0.000000,0.002365
7.458600,-0.100000,0.000000,-0.008847,0.149316,0.000000,0.002360
7.458800,-0.100000,0.000000,-0.008856,0.148727,0.000000,0.002355
7.459000,-0.100000,0.000000,-0.008866,0.148136,0.000000,0.002351
7.459200,-0.100000,0.000000,-0.008875,0.147547,-0.000000,0.002346
7.459400,-0.100000,0.000000,-0.008885,0.146957,-0.000000,0.002341
7.459600,-0.100000,0.000000,-0.008894,0.146367,-0.000000,0.002336
7.459800,-0.100000,0.000000,-0.008904,0.145777,-0.000000,0.002332
7.460000,-0.100000,0.000000,-0.008913,0.145187,-0.000000,0.002327
7.460200,-0.100000,0.000000,-0.008922,0.144598,-0.000000,0.002322
7.460400,-0.100000,0.000000,-0.008932,0.144008,-0.000000,0.002318
7.460600,-0.100000,0.000000,-0.008941,0.143418,-0.000000,0.002313
7.460800,-0.100000,0.000000,-0.008951,0.142828,-0.000000,0.002308
7.461000,-0.100000,0.000000,-0.008960,0.142239,-0.000000,0.002303
7.461200,-0.100000,0.000000,-0.008970,0.141648,-0.000000,0.002299
7.461400,-0.100000,0.000000,-0.008979,0.141059,-0.000000,0.002294
7.461600,-0.100000,0.000000,-0.008988,0.140470,-0.000000,0.002289
7.461800,-0.100000,0.000000,-0.008998,0.139879,-0.000000,0.002284
7.462000,-0.100000,0.000000,-0.009007,0.139280,-0.000000,0.002279
7.462200,-0.100000,0.000000,-0.009015,0.138679,-0.000000,0.002274
7.462400,-0.100000,0.000000,-0.009024,0.138079,-0.000000,0.002269
7.462600,-0.100000,0.000000,-0.009033,0.137478,-0.000000,0.002264
7.462800,-0.100000,0.000000,-0.009041,0.136878,-0.000000,0.002259
7.463000,-0.100000,0.000000,-0.009050,0.136279,-0.000000,0.002254
7.463200,-0.100000,0.000000,-0.009059,0.135677,-0.000000,0.002249
7.463400,-0.100000,0.000000,-0.009067,0.135078,-0.000000,0.002244
7.463600,-0.100000,0.000000,-0.009076,0.134477,-0.000000,0.002239
7.463800,-0.100000,0.000000,-0.009085,0.133877,-0.000000,0.002233
7.464000,-0.100000,0.000000,-0.009093,0.133276,-0.000000,0.002228
7.464200,-0.100000,0.000000,-0.009102,0.132676,-0.000000,0.002223
7.464400,-0.100000,0.000000,-0.009111,0.132076,-0.000000,0.002218
7.464600,-0.100000,0.000000,-0.009119,0.131475,-0.000000,0.002213
7.464800,-0.100000,0.000000,-0.009128,0.130875,-0.000000,0.002208
7.465000,-0.100000,0.000000,-0.009137,0.130274,-0.000000,0.002203
7.465200,-0.100000,0.000000,-0.009145,0.129675,-0.000000,0.002198
7.465400,-0.100000,0.000000,-0.009154,0.129073,-0.000000,0.002193
7.465600,-0.100000,0.000000,-0.009162,0.128468,-0.000000,0.002187
7.465800,-0.100000,0.000000,-0.009171,0.127860,-0.000000,0.002182
7.466000,-0.100000,0.000000,-0.009179,0.127251,-0.000000,0.002177
7.466200,-0.100000,0.000000,-0.009187,0.126644,-0.000000,0.002171
7.466400,-0.100000,0.000000,-0.009195,0.126035,-0.000000,0.002166
7.466600,-0.100000,0.000000,-0.009204,0.125427,-0.000000,0.002160
7.466800,-0.100000,0.000000,-0.009212,0.124818,-0.000000,0.002155
7.467000,-0.100000,0.000000,-0.009220,0.124211,-0.000000,0.002150
7.467200,-0.100000,0.000000,-0.009229,0.123603,-0.000000,0.002144
7.467400,-0.100000,0.000000,-0.009237,0.122994,-0.000000,0.002139
7.467600,-0.100000,0.000000,-0.009245,0.122387,-0.000000,0.002134
7.467800,-0.100000,0.000000,-0.009253,0.121778,-0.000000,0.002128
7.468000,-0.100000,0.000000,-0.009262,0.121170,-0.000000,0.002123
7.468200,-0.100000,0.000000,-0.009270,0.120561,-0.000000,0.002117
7.468400,-0.100000,0.000000,-0.009278,0.119954,-0.000000,0.002112
7.468600,-0.100000,0.000000,-0.009287,0.119346,-0.000000,0.002107
7.468800,-0.100000,0.000000,-0.009295,0.118737,-0.000000,0.002101
7.469000,-0.100000,0.000000,-0.009303,0.118130,-0.000000,0.002096
7.469200,-0.100000,0.000000,-0.009311,0.117518,-0.000000,0.002090
7.469400,-0.100000,0.000000,-0.009320,0.116904,-0.000000,0.002085
7.469600,-0.100000,0.000000,-0.009328,0.116290,-0.000000,0.002079
7.469800,-0.100000,0.000000,-0.009336,0.115677,-0.000000,0.002074
7.470000,-0.100000,0.000000,-0.009345,0.115062,-0.000000,0.002068
7.470200,-0.100000,0.000000,-0.009353,0.114449,-0.000000,0.002063
7.470400,-0.100000,0.000000,-0.009361,0.113836,-0.000000,0.002057
7.470600,-0.100000,0.000000,-0.009369,0.113221,-0.000000,0.002052
7.470800,-0.100000,0.000000,-0.009378,0.112608,-0.000000,0.002046
7.471000,-0.100000,0.000000,-0.009386,0.111994,-0.000000,0.002040
7.471200,-0.100000,0.000000,-0.009394,0.111381,-0.000000,0.002035
7.471400,-0.100000,0.000000,-0.009402,0.110766,-0.000000,0.002029
7.471600,-0.100000,0.000000,-0.009411,0.110153,0.000000,0.002024
7.471800,-0.100000,0.000000,-0.009419,0.109540,0.000000,0.002018
7.472000,-0.100000,0.000000,-0.009427,0.108925,0.000000,0.002013
7.472200,-0.100000,0.000000,-0.009436,0.108312,0.000000,0.002007
7.472400,-0.100000,0.000000,-0.009444,0.107698,0.000000,0.002002
7.472600,-0.100000,0.000000,-0.009452,0.107084,0.000000,0.001996
7.472800,-0.100000,0.000000,-0.009461,0.106469,0.000000,0.001990
7.473000,-0.100000,0.000000,-0.009469,0.105852,0.000000,0.001985
7.473200,-0.100000,0.000000,-0.009478,0.105235,0.000000,0.001979
7.473400,-0.100000,0.000000,-0.009486,0.104617,0.000000,0.001974
7.473600,-0.100000,0.000000,-0.009495,0.104000,0.000000,0.001968
7.473800,-0.100000,0.000000,-0.009504,0.103382,0.000000,0.001962
7.474000,-0.100000,0.000000,-0.009512,0.102765,0.000000,0.001957
7.474200,-0.100000,0.000000,-0.009521,0.102147,0.000000,0.001951
7.474400,-0.100000,0.000000,-0.009530,0.101530,0.000000,0.001945
7.474600,-0.100000,0.000000,-0.009538,0.100913,0.000000,0.001940
7.474800,-0.100000,0.000000,-0.009547,0.100295,0.000000,0.001934
7.475000,-0.100000,0.000000,-0.009555,0.099678,0.000000,0.001929
7.475200,-0.100000,0.000000,-0.009564,0.099060,0.000000,0.001923
7.475400,-0.100000,0.000000,-0.009573,0.098443,0.000000,0.001917
7.475600,-0.100000,0.000000,-0.009581,0.097825,0.000000,0.001912
7.475800,-0.100000,0.000000,-0.009590,0.097208,0.000000,0.001906
7.476000,-0.100000,0.000000,-0.009599,0.096591,0.000000,0.001901
7.476200,-0.100000,0.000000,-0.009607,0.095973,0.000000,0.001895
7.476400,-0.100000,0.000000,-0.009616,0.095356,0.000000,0.001889
7.476600,-0.100000,0.000000,-0.009625,0.094735,0.000000,0.001884
7.476800,-0.100000,0.000000,-0.009635,0.094116,0.000000,0.001878
7.477000,-0.100000,0.000000,-0.009644,0.093496,0.000000,0.001873
7.477200,-0.100000,0.000000,-0.009653,0.092877,0.000000,0.001867
7.477400,-0.100000,0.000000,-0.009662,0.092258,0.000000,0.001862
7.477600,-0.100000,0.000000,-0.009672,0.091638,0.000000,0.001856
7.477800,-0.100000,0.000000,-0.009681,0.091019,0.000000,0.001851
7.478000,-0.100000,0.000000,-0.009690,0.090398,0.000000,0.001845
7.478200,-0.100000,0.000000,-0.009700,0.089779,0.000000,0.001839
7.478400,-0.100000,0.000000,-0.009709,0.089159,0.000000,0.001834
7.478600,-0.100000,0.000000,-0.009718,0.088540,0.000000,0.001828
7.478800,-0.100000,0.000000,-0.009728,0.087921,0.000000,0.001823
7.479000,-0.100000,0.000000,-0.009737,0.087301,0.000000,0.001817
7.479200,-0.100000,0.000000,-0.009746,0.086682,0.000000,0.001812
7.479400,-0.100000,0.000000,-0.009755,0.086061,0.000000,0.001806
7.479600,-0.100000,0.000000,-0.009765,0.085442,0.000000,0.001801
7.479800,-0.100000,0.000000,-0.009774,0.084822,0.000000,0.001795
7.480000,-0.100000,0.000000,-0.009783,0.084203,0.000000,0.001790
7.480200,-0.100000,0.000000,-0.009794,0.083583,0.000000,0.001784
7.480400,-0.100000,0.000000,-0.009804,0.082962,0.000000,0.001779
7.480600,-0.100000,0.000000,-0.009814,0.082342,0.000000,0.001774
7.480800,-0.100000,0.000000,-0.009824,0.081721,0.000000,0.001768
7.481000,-0.100000,0.000000,-0.009835,0.081101,0.000000,0.001763
7.481200,-0.100000,0.000000,-0.009845,0.080480,0.000000,0.001758
7.481400,-0.100000,0.000000,-0.009855,0.079860,0.000000,0.001752
7.481600,-0.100000,0.000000,-0.009866,0.079240,0.000000,0.001747
7.481800,-0.100000,0.000000,-0.009876,0.078619,0.000000,0.001742
7.482000,-0.100000,0.000000,-0.009886,0.077999,0.000000,0.001736
7.482200,-0.100000,0.000000,-0.009897,0.077377,0.000000,0.001731
7.482400,-0.100000,0.000000,-0.009907,0.076758,0.000000,0.001726
7.482600,-0.100000,0.000000,-0.009917,0.076136,-0.000000,0.001720
7.482800,-0.100000,0.000000,-0.009927,0.075516,-0.000000,0.001715
7.483000,-0.100000,0.000000,-0.009938,0.074897,-0.000000,0.001710
7.483200,-0.100000,0.000000,-0.009948,0.074275,-0.000000,0.001705
7.483400,-0.100000,0.000000,-0.009958,0.073655,-0.000000,0.001699
7.483600,-0.100000,0.000000,-0.009969,0.073034,-0.000000,0.001694
7.483800,-0.100000,0.000000,-0.009980,0.072414,-0.000000,0.001689
7.484000,-0.100000,0.000000,-0.009991,0.071793,-0.000000,0.001684
7.484200,-0.100000,0.000000,-0.010003,0.071173,-0.000000,0.001679
7.484400,-0.100000,0.000000,-0.010014,0.070553,-0.000000,0.001674
7.484600,-0.100000,0.000000,-0.010026,0.069932,-0.000000,0.001669
7.484800,-0.100000,0.000000,-0.010038,0.069312,-0.000000,0.001664
7.485000,-0.100000,0.000000,-0.010049,0.068691,-0.000000,0.001659
7.485200,-0.100000,0.000000,-0.010061,0.068071,-0.000000,0.001654
7.485400,-0.100000,0.000000,-0.010072,0.067450,-0.000000,0.001649
7.485600,-0.100000,0.000000,-0.010084,0.066830,-0.000000,0.001644
7.485800,-0.100000,0.000000,-0.010095,0.066210,-0.000000,0.001639
7.486000,-0.100000,0.000000,-0.010107,0.065589,-0.000000,0.001634
7.486200,-0.100000,0.000000,-0.010118,0.064969,-0.000000,0.001629
7.486400,-0.100000,0.000000,-0.010130,0.064347,-0.000000,0.001624
7.486600,-0.100000,0.000000,-0.010142,0.063728,-0.000000,0.001619
7.486800,-0.100000,0.000000,-0.010153,0.063106,-0.000000,0.001614
7.487000,-0.100000,0.000000,-0.010165,0.062486,-0.000000,0.001609
7.487200,-0.100000,0.000000,-0.010176,0.061867,-0.000000,0.001604
7.487400,-0.100000,0.000000,-0.010189,0.061246,-0.000000,0.001600
7.487600,-0.100000,0.000000,-0.010202,0.060626,-0.000000,0.001595
7.487800,-0.100000,0.000000,-0.010215,0.060006,-0.000000,0.001591
7.488000,-0.100000,0.000000,-0.010228,0.059386,-0.000000,0.001586
7.488200,-0.100000,0.000000,-0.010241,0.058766,-0.000000,0.001582
7.488400,-0.100000,0.000000,-0.010254,0.058146,-0.000000,0.001577
7.488600,-0.100000,0.000000,-0.010267,0.057527,-0.000000,0.001573
7.488800,-0.100000,0.000000,-0.010280,0.056907,-0.000000,0.001568
7.489000,-0.100000,0.000000,-0.010293,0.056287,-0.000000,0.001564
7.489200,-0.100000,0.000000,-0.010306,0.055667,-0.000000,0.001559
7.489400,-0.100000,0.000000,-0.010319,0.055047,-0.000000,0.001555
7.489600,-0.100000,0.000000,-0.010332,0.054427,-0.000000,0.001550
7.489800,-0.100000,0.000000,-0.010345,0.053807,-0.000000,0.001546
7.490000,-0.100000,0.000000,-0.010358,0.053188,-0.000000,0.001541
7.490200,-0.100000,0.000000,-0.010371,0.052568,-0.000000,0.001537
7.490400,-0.100000,0.000000,-0.010384,0.051948,-0.000000,0.001532
7.490600,-0.100000,0.000000,-0.010397,0.051328,-0.000000,0.001528
7.490800,-0.100000,0.000000,-0.010410,0.050708,-0.000000,0.001523
7.491000,-0.100000,0.000000,-0.010424,0.050088,-0.000000,0.001519
7.491200,-0.100000,0.000000,-0.010439,0.049470,-0.000000,0.001515
7.491400,-0.100000,0.000000,-0.010454,0.048850,-0.000000,0.001511
7.491600,-0.100000,0.000000,-0.010468,0.048231,-0.000000,0.001507
7.491800,-0.100000,0.000000,-0.010483,0.047613,-0.000000,0.001503
7.492000,-0.100000,0.000000,-0.010498,0.046993,-0.000000,0.001499
7.492200,-0.100000,0.000000,-0.010513,0.046374,-0.000000,0.001496
7.492400,-0.100000,0.000000,-0.010528,0.045754,-0.000000,0.001492
7.492600,-0.100000,0.000000,-0.010542,0.045136,-0.000000,0.001488
7.492800,-0.100000,0.000000,-0.010557,0.044516,-0.000000,0.001484
7.493000,-0.100000,0.000000,-0.010572,0.043898,-0.000000,0.001480
7.493200,-0.100000,0.000000,-0.010587,0.043279,-0.000000,0.001476
7.493400,-0.100000,0.000000,-0.010601,0.042659,-0.000000,0.001472
7.493600,-0.100000,0.000000,-0.010616,0.042041,0.000000,0.001468
7.493800,-0.100000,0.000000,-0.010631,0.041421,0.000000,0.001464
7.494000,-0.100000,0.000000,-0.010646,0.040802,0.000000,0.001460
7.494200,-0.100000,0.000000,-0.010661,0.040183,0.000000,0.001456
7.494400,-0.100000,0.000000,-0.010675,0.039564,0.000000,0.001452
7.494600,-0.100000,0.000000,-0.010691,0.038946,0.000000,0.001448
7.494800,-0.100000,0.000000,-0.010707,0.038326,0.000000,0.001445
7.495000,-0.100000,0.000000,-0.010724,0.037709,0.000000,0.001442
7.495200,-0.100000,0.000000,-0.010741,0.037089,0.000000,0.001439
7.495400,-0.100000,0.000000,-0.010758,0.036471,0.000000,0.001435
7.495600,-0.100000,0.000000,-0.010775,0.035852,0.000000,0.001432
7.495800,-0.100000,0.000000,-0.010791,0.035234,0.000000,0.001429
7.496000,-0.100000,0.000000,-0.010808,0.034616,0.000000,0.001425
7.496200,-0.100000,0.000000,-0.010825,0.033997,0.000000,0.001422
7.496400,-0.100000,0.000000,-0.010842,0.033379,0.000000,0.001419
7.496600,-0.100000,0.000000,-0.010859,0.032759,0.000000,0.001415
7.496800,-0.100000,0.000000,-0.010875,0.032142,0.000000,0.001412
7.497000,-0.100000,0.000000,-0.010892,0.031522,0.000000,0.001409
7.497200,-0.100000,0.000000,-0.010909,0.030904,0.000000,0.001405
7.497400,-0.100000,0.000000,-0.010926,0.030286,0.000000,0.001402
7.497600,-0.100000,0.000000,-0.010942,0.029667,0.000000,0.001399
7.497800,-0.100000,0.000000,-0.010959,0.029049,0.000000,0.001396
7.498000,-0.100000,0.000000,-0.010976,0.028430,0.000000,0.001392
7.498200,-0.100000,0.000000,-0.010993,0.027812,0.000000,0.001389
7.498400,-0.100000,0.000000,-0.011012,0.027193,0.000000,0.001386
7.498600,-0.100000,0.000000,-0.011031,0.026575,0.000000,0.001384
7.498800,-0.100000,0.000000,-0.011050,0.025957,0.000000,0.001381
7.499000,-0.100000,0.000000,-0.011069,0.025338,0.000000,0.001379
7.499200,-0.100000,0.000000,-0.011088,0.024721,0.000000,0.001376
7.499400,-0.100000,0.000000,-0.011107,0.024101,0.000000,0.001373
7.499600,-0.100000,0.000000,-0.011126,0.023484,0.000000,0.001371
7.499800,-0.100000,0.000000,-0.011145,0.022865,0.000000,0.001368
7.500000,-0.100000,0.000000,-0.011164,0.022247,0.000000,0.001366
7.500200,-0.100000,0.000000,-0.011183,0.021629,0.000000,0.001363
7.500400,-0.100000,0.000000,-0.011202,0.021010,0.000000,0.001360
7.500600,-0.100000,0.000000,-0.011221,0.020393,0.000000,0.001358
7.500800,-0.100000,0.000000,-0.011240,0.019773,0.000000,0.001355
7.501000,-0.100000,0.000000,-0.011259,0.019156,0.000000,0.001353
7.501200,-0.100000,0.000000,-0.011278,0.018537,0.000000,0.001350
7.501400,-0.100000,0.000000,-0.011297,0.017919,-0.000000,0.001347
7.501600,-0.100000,0.000000,-0.011316,0.017301,-0.000000,0.001345
7.501800,-0.100000,0.000000,-0.011335,0.016682,-0.000000,0.001342
7.502000,-0.100000,0.000000,-0.011356,0.016064,-0.000000,0.001340
7.502200,-0.100000,0.000000,-0.011378,0.015445,-0.000000,0.001338
7.502400,-0.100000,0.000000,-0.011399,0.014826,-0.000000,0.001337
7.502600,-0.100000,0.000000,-0.011420,0.014207,-0.000000,0.001335
7.502800,-0.100000,0.000000,-0.011442,0.013589,-0.000000,0.001333
7.503000,-0.100000,0.000000,-0.011463,0.012971,-0.000000,0.001331
7.503200,-0.100000,0.000000,-0.011484,0.012351,-0.000000,0.001329
7.503400,-0.100000,0.000000,-0.011506,0.011733,-0.000000,0.001327
7.503600,-0.100000,0.000000,-0.011527,0.011113,-0.000000,0.001326
7.503800,-0.100000,0.000000,-0.011548,0.010495,-0.000000,0.001324
7.504000,-0.100000,0.000000,-0.011570,0.009876,-0.000000,0.001322
7.504200,-0.100000,0.000000,-0.011591,0.009258,-0.000000,0.001320
7.504400,-0.100000,0.000000,-0.011612,0.008640,-0.000000,0.001318
7.504600,-0.100000,0.000000,-0.011634,0.008020,-0.000000,0.001316
7.504800,-0.100000,0.000000,-0.011655,0.007402,-0.000000,0.001315
7.505000,-0.100000,0.000000,-0.011676,0.006782,-0.000000,0.001313
7.505200,-0.100000,0.000000,-0.011698,0.006164,-0.000000,0.001311
7.505400,-0.100000,0.000000,-0.011719,0.005545,-0.000000,0.001309
7.505600,-0.100000,0.000000,-0.011742,0.004926,-0.000000,0.001308
7.505800,-0.100000,0.000000,-0.011766,0.004306,-0.000000,0.001307
7.506000,-0.100000,0.000000,-0.011789,0.003685,-0.000000,0.001306
7.506200,-0.100000,0.000000,-0.011813,0.003065,-0.000000,0.001305
7.506400,-0.100000,0.000000,-0.011837,0.002444,-0.000000,0.001304
7.506600,-0.100000,0.000000,-0.011860,0.001825,-0.000000,0.001303
7.506800,-0.100000,0.000000,-0.011884,0.001203,-0.000000,0.001302
7.507000,-0.100000,0.000000,-0.011908,0.000584,-0.000000,0.001301
7.507200,-0.100000,0.000000,-0.011931,-0.000036,-0.000000,0.001300
7.507400,-0.100000,0.000000,-0.011955,-0.000657,-0.000000,0.001299
7.507600,-0.100000,0.000000,-0.011979,-0.001276,-0.000000,0.001298
7.507800,-0.100000,0.000000,-0.012003,-0.001898,-0.000000,0.001296
7.508000,-0.100000,0.000000,-0.012026,-0.002517,-0.000000,0.001295
7.508200,-0.100000,0.000000,-0.012050,-0.003138,-0.000000,0.001294
7.508400,-0.100000,0.000000,-0.012074,-0.003758,-0.000000,0.001293
7.508600,-0.100000,0.000000,-0.012097,-0.004377,-0.000000,0.001292
7.508800,-0.100000,0.000000,-0.012121,-0.004999,-0.000000,0.001291
7.509000,-0.100000,0.000000,-0.012145,-0.005618,-0.000000,0.001290
7.509200,-0.100000,0.000000,-0.012170,-0.006241,-0.000000,0.001290
7.509400,-0.100000,0.000000,-0.012196,-0.006863,-0.000000,0.001289
7.509600,-0.100000,0.000000,-0.012222,-0.007487,-0.000000,0.001289
7.509800,-0.100000,0.000000,-0.012248,-0.008110,-0.000000,0.001289
7.510000,-0.100000,0.000000,-0.012274,-0.008734,-0.000000,0.001289
7.510200,-0.100000,0.000000,-0.012300,-0.009356,-0.000000,0.001288
7.510400,-0.100000,0.000000,-0.012326,-0.009979,-0.000000,0.001288
7.510600,-0.100000,0.000000,-0.012352,-0.010603,-0.000000,0.001288
7.510800,-0.100000,0.000000,-0.012378,-0.011225,-0.000000,0.001288
7.511000,-0.100000,0.000000,-0.012405,-0.011849,-0.000000,0.001287
7.511200,-0.100000,0.000000,-0.012431,-0.012471,-0.000000,0.001287
7.511400,-0.100000,0.000000,-0.012457,-0.013095,-0.000000,0.001287
7.511600,-0.100000,0.000000,-0.012483,-0.013718,-0.000000,0.001287
7.511800,-0.100000,0.000000,-0.012509,-0.014340,-0.000000,0.001286
7.512000,-0.100000,0.000000,-0.012535,-0.014964,-0.000000,0.001286
7.512200,-0.100000,0.000000,-0.012561,-0.015587,-0.000000,0.001286
7.512400,-0.100000,0.000000,-0.012587,-0.016211,-0.000000,0.001286
7.512600,-0.100000,0.000000,-0.012613,-0.016833,-0.000000,0.001285
7.512800,-0.100000,0.000000,-0.012640,-0.017459,-0.000000,0.001285
7.513000,-0.100000,0.000000,-0.012669,-0.018086,-0.000000,0.001286
7.513200,-0.100000,0.000000,-0.012697,-0.018713,-0.000000,0.001287
7.513400,-0.100000,0.000000,-0.012726,-0.019341,-0.000000,0.001287
7.513600,-0.100000,0.000000,-0.012754,-0.019968,-0.000000,0.001288
7.513800,-0.100000,0.000000,-0.012783,-0.020596,-0.000000,0.001288
7.514000,-0.100000,0.000000,-0.012811,-0.021223,-0.000000,0.001289
7.514200,-0.100000,0.000000,-0.012840,-0.021852,-0.000000,0.001289
7.514400,-0.100000,0.000000,-0.012868,-0.022479,-0.000000,0.001290
7.514600,-0.100000,0.000000,-0.012897,-0.023105,-0.000000,0.001290
7.514800,-0.100000,0.000000,-0.012925,-0.023734,-0.000000,0.001291
7.515000,-0.100000,0.000000,-0.012954,-0.024361,-0.000000,0.001291
7.515200,-0.100000,0.000000,-0.012982,-0.024989,-0.000000,0.001292
7.515400,-0.100000,0.000000,-0.013011,-0.025616,-0.000000,0.001293
7.515600,-0.100000,0.000000,-0.013039,-0.026245,-0.000000,0.001293
7.515800,-0.100000,0.000000,-0.013068,-0.026871,-0.000000,0.001294
7.516000,-0.100000,0.000000,-0.013096,-0.027498,-0.000000,0.001294
7.516200,-0.100000,0.000000,-0.013125,-0.028127,-0.000000,0.001295
7.516400,-0.100000,0.000000,-0.013154,-0.028755,-0.000000,0.001295
7.516600,-0.100000,0.000000,-0.013185,-0.029390,-0.000000,0.001297
7.516800,-0.100000,0.000000,-0.013216,-0.030023,-0.000000,0.001298
7.517000,-0.100000,0.000000,-0.013247,-0.030658,-0.000000,0.001300
7.517200,-0.100000,0.000000,-0.013278,-0.031291,0.000000,0.001301
7.517400,-0.100000,0.000000,-0.013309,-0.031925,0.000000,0.001303
7.517600,-0.100000,0.000000,-0.013340,-0.032559,0.000000,0.001304
7.517800,-0.100000,0.000000,-0.013371,-0.033193,0.000000,0.001306
7.518000,-0.100000,0.000000,-0.013402,-0.033828,0.000000,0.001307
7.518200,-0.100000,0.000000,-0.013433,-0.034461,0.000000,0.001308
7.518400,-0.100000,0.000000,-0.013464,-0.035096,0.000000,0.001310
7.518600,-0.100000,0.000000,-0.013495,-0.035729,0.000000,0.001311
7.518800,-0.100000,0.000000,-0.013526,-0.036362,0.000000,0.001313
7.519000,-0.100000,0.000000,-0.013557,-0.036997,0.000000,0.001314
7.519200,-0.100000,0.000000,-0.013588,-0.037631,0.000000,0.001316
7.519400,-0.100000,0.000000,-0.013619,-0.038265,0.000000,0.001317
7.519600,-0.100000,0.000000,-0.013650,-0.038899,0.000000,0.001319
7.519800,-0.100000,0.000000,-0.013681,-0.039534,0.000000,0.001320
7.520000,-0.100000,0.000000,-0.013712,-0.040167,0.000000,0.001321
7.520200,-0.100000,0.000000,-0.013746,-0.040809,0.000000,0.001324
7.520400,-0.100000,0.000000,-0.013779,-0.041452,0.000000,0.001327
7.520600,-0.100000,0.000000,-0.013813,-0.042094,0.000000,0.001329
7.520800,-0.100000,0.000000,-0.013847,-0.042738,0.000000,0.001332
7.521000,-0.100000,0.000000,-0.013881,-0.043380,0.000000,0.001335
7.521200,-0.100000,0.000000,-0.013915,-0.044023,0.000000,0.001337
7.521400,-0.100000,0.000000,-0.013949,-0.044665,0.000000,0.001340
7.521600,-0.100000,0.000000,-0.013982,-0.045307,0.000000,0.001342
7.521800,-0.100000,0.000000,-0.014016,-0.045950,0.000000,0.001345
7.522000,-0.100000,0.000000,-0.014050,-0.046592,0.000000,0.001348
7.522200,-0.100000,0.000000,-0.014084,-0.047236,0.000000,0.001350
7.522400,-0.100000,0.000000,-0.014118,-0.047878,0.000000,0.001353
7.522600,-0.100000,0.000000,-0.014152,-0.048521,0.000000,0.001355
7.522800,-0.100000,0.000000,-0.014186,-0.049163,0.000000,0.001358
7.523000,-0.100000,0.000000,-0.014219,-0.049805,0.000000,0.001361
7.523200,-0.100000,0.000000,-0.014253,-0.050448,0.000000,0.001363
7.523400,-0.100000,0.000000,-0.014287,-0.051090,0.000000,0.001366
7.523600,-0.100000,0.000000,-0.014321,-0.051734,0.000000,0.001368
7.523800,-0.100000,0.000000,-0.014358,-0.052385,0.000000,0.001372
7.524000,-0.100000,0.000000,-0.014395,-0.053039,0.000000,0.001377
7.524200,-0.100000,0.000000,-0.014432,-0.053692,0.000000,0.001381
7.524400,-0.100000,0.000000,-0.014469,-0.054345,0.000000,0.001385
7.524600,-0.100000,0.000000,-0.014506,-0.054999,0.000000,0.001389
7.524800,-0.100000,0.000000,-0.014543,-0.055652,-0.000000,0.001393
7.525000,-0.100000,0.000000,-0.014580,-0.056307,-0.000000,0.001398
7.525200,-0.100000,0.000000,-0.014617,-0.056960,-0.000000,0.001402
7.525400,-0.100000,0.000000,-0.014654,-0.057614,-0.000000,0.001406
7.525600,-0.100000,0.000000,-0.014692,-0.058267,-0.000000,0.001410
7.525800,-0.100000,0.000000,-0.014729,-0.058920,-0.000000,0.001415
7.526000,-0.100000,0.000000,-0.014766,-0.059574,-0.000000,0.001419
7.526200,-0.100000,0.000000,-0.014803,-0.060227,-0.000000,0.001423
7.526400,-0.100000,0.000000,-0.014840,-0.060882,-0.000000,0.001427
7.526600,-0.100000,0.000000,-0.014877,-0.061535,-0.000000,0.001431
7.526800,-0.100000,0.000000,-0.014914,-0.062189,-0.000000,0.001436
7.527000,-0.100000,0.000000,-0.014951,-0.062842,-0.000000,0.001440
7.527200,-0.100000,0.000000,-0.014988,-0.063495,-0.000000,0.001444
7.527400,-0.100000,0.000000,-0.015028,-0.064158,-0.000000,0.001450
7.527600,-0.100000,0.000000,-0.015069,-0.064825,-0.000000,0.001456
7.527800,-0.100000,0.000000,-0.015110,-0.065494,-0.000000,0.001463
7.528000,-0.100000,0.000000,-0.015150,-0.066161,-0.000000,0.001470
7.528200,-0.100000,0.000000,-0.015191,-0.066829,-0.000000,0.001476
7.528400,-0.100000,0.000000,-0.015232,-0.067496,-0.000000,0.001483
7.528600,-0.100000,0.000000,-0.015273,-0.068163,-0.000000,0.001490
7.528800,-0.100000,0.000000,-0.015314,-0.068831,-0.000000,0.001496
7.529000,-0.100000,0.000000,-0.015354,-0.069498,0.000000,0.001503
7.529200,-0.100000,0.000000,-0.015395,-0.070167,0.000000,0.001509
7.529400,-0.100000,0.000000,-0.015436,-0.070834,0.000000,0.001516
7.529600,-0.100000,0.000000,-0.015477,-0.071502,0.000000,0.001523
7.529800,-0.100000,0.000000,-0.015518,-0.072169,0.000000,0.001529
7.530000,-0.100000,0.000000,-0.015558,-0.072836,0.000000,0.001536
7.530200,-0.100000,0.000000,-0.015599,-0.073505,0.000000,0.001542
7.530400,-0.100000,0.000000,-0.015640,-0.074171,0.000000,0.001549
7.530600,-0.100000,0.000000,-0.015681,-0.074840,0.000000,0.001556
7.530800,-0.100000,0.000000,-0.015722,-0.075507,0.000000,0.001562
7.531000,-0.100000,0.000000,-0.015764,-0.076183,0.000000,0.001571
7.531200,-0.100000,0.000000,-0.015809,-0.076868,0.000000,0.001581
7.531400,-0.100000,0.000000,-0.015855,-0.077554,0.000000,0.001591
7.531600,-0.100000,0.000000,-0.015900,-0.078238,0.000000,0.001601
7.531800,-0.100000,0.000000,-0.015945,-0.078922,0.000000,0.001612
7.532000,-0.100000,0.000000,-0.015990,-0.079608,0.000000,0.001622
7.532200,-0.100000,0.000000,-0.016035,-0.080293,0.000000,0.001632
7.532400,-0.100000,0.000000,-0.016080,-0.080979,0.000000,0.001642
7.532600,-0.100000,0.000000,-0.016125,-0.081663,0.000000,0.001653
7.532800,-0.100000,0.000000,-0.016171,-0.082349,0.000000,0.001663
7.533000,-0.100000,0.000000,-0.016216,-0.083034,0.000000,0.001673
7.533200,-0.100000,0.000000,-0.016261,-0.083718,0.000000,0.001683
7.533400,-0.100000,0.000000,-0.016306,-0.084404,0.000000,0.001694
7.533600,-0.100000,0.000000,-0.016351,-0.085088,0.000000,0.001704
7.533800,-0.100000,0.000000,-0.016396,-0.085775,0.000000,0.001714
7.534000,-0.100000,0.000000,-0.016441,-0.086459,0.000000,0.001725
7.534200,-0.100000,0.000000,-0.016486,-0.087145,0.000000,0.001735
7.534400,-0.100000,0.000000,-0.016532,-0.087829,0.000000,0.001745
7.534600,-0.100000,0.000000,-0.016578,-0.088520,0.000000,0.001757
7.534800,-0.100000,0.000000,-0.016628,-0.089227,0.000000,0.001773
7.535000,-0.100000,0.000000,-0.016678,-0.089933,0.000000,0.001788
7.535200,-0.100000,0.000000,-0.016728,-0.090640,0.000000,0.001804
7.535400,-0.100000,0.000000,-0.016778,-0.091346,0.000000,0.001820
7.535600,-0.100000,0.000000,-0.016828,-0.092054,0.000000,0.001835
7.535800,-0.100000,0.000000,-0.016879,-0.092759,0.000000,0.001851
7.536000,-0.100000,0.000000,-0.016929,-0.093465,0.000000,0.001867
7.536200,-0.100000,0.000000,-0.016979,-0.094173,0.000000,0.001882
7.536400,-0.100000,0.000000,-0.017029,-0.094879,0.000000,0.001898
7.536600,-0.100000,0.000000,-0.017079,-0.095586,0.000000,0.001914
7.536800,-0.100000,0.000000,-0.017129,-0.096292,0.000000,0.001929
7.537000,-0.100000,0.000000,-0.017179,-0.096999,0.000000,0.001945
7.537200,-0.100000,0.000000,-0.017229,-0.097705,0.000000,0.001961
7.537400,-0.100000,0.000000,-0.017279,-0.098411,0.000000,0.001976
7.537600,-0.100000,0.000000,-0.017329,-0.099118,0.000000,0.001992
7.537800,-0.100000,0.000000,-0.017379,-0.099824,0.000000,0.002008
7.538000,-0.100000,0.000000,-0.017429,-0.100532,0.000000,0.002023
7.538200,-0.100000,0.000000,-0.017480,-0.101240,0.000000,0.002040
7.538400,-0.100000,0.000000,-0.017535,-0.101973,0.000000,0.002063
7.538600,-0.100000,0.000000,-0.017591,-0.102704,0.000000,0.002086
7.538800,-0.100000,0.000000,-0.017646,-0.103435,0.000000,0.002110
7.539000,-0.100000,0.000000,-0.017701,-0.104168,0.000000,0.002133
7.539200,-0.100000,0.000000,-0.017757,-0.104899,0.000000,0.002156
7.539400,-0.100000,0.000000,-0.017812,-0.105632,0.000000,0.002180
7.539600,-0.100000,0.000000,-0.017867,-0.106363,0.000000,0.002203
7.539800,-0.100000,0.000000,-0.017923,-0.107096,0.000000,0.002226
7.540000,-0.100000,0.000000,-0.017978,-0.107827,-0.000000,0.002249
7.540200,-0.100000,0.000000,-0.018033,-0.108558,-0.000000,0.002273
7.540400,-0.100000,0.000000,-0.018089,-0.109291,-0.000000,0.002296
7.540600,-0.100000,0.000000,-0.018144,-0.110022,-0.000000,0.002319
7.540800,-0.100000,0.000000,-0.018199,-0.110754,-0.000000,0.002342
7.541000,-0.100000,0.000000,-0.018255,-0.111486,-0.000000,0.002366
7.541200,-0.100000,0.000000,-0.018310,-0.112218,-0.000000,0.002389
7.541400,-0.100000,0.000000,-0.018365,-0.112949,-0.000000,0.002412
7.541600,-0.100000,0.000000,-0.018421,-0.113681,-0.000000,0.002436
7.541800,-0.100000,0.000000,-0.018476,-0.114413,-0.000000,0.002459
7.542000,-0.100000,0.000000,-0.018536,-0.115170,-0.000000,0.002491
7.542200,-0.100000,0.000000,-0.018596,-0.115931,-0.000000,0.002524
7.542400,-0.100000,0.000000,-0.018655,-0.116689,-0.000000,0.002557
7.542600,-0.100000,0.000000,-0.018715,-0.117450,-0.000000,0.002591
7.542800,-0.100000,0.000000,-0.018775,-0.118209,-0.000000,0.002624
7.543000,-0.100000,0.000000,-0.018835,-0.118968,-0.000000,0.002657
7.543200,-0.100000,0.000000,-0.018895,-0.119729,-0.000000,0.002690
7.543400,-0.100000,0.000000,-0.018955,-0.120488,-0.000000,0.002723
7.543600,-0.100000,0.000000,-0.019015,-0.121249,-0.000000,0.002756
7.543800,-0.100000,0.000000,-0.019075,-0.122007,-0.000000,0.002790
7.544000,-0.100000,0.000000,-0.019135,-0.122768,-0.000000,0.002823
7.544200,-0.100000,0.000000,-0.019195,-0.123527,-0.000000,0.002856
7.544400,-0.100000,0.000000,-0.019254,-0.124286,-0.000000,0.002889
7.544600,-0.100000,0.000000,-0.019314,-0.125047,-0.000000,0.002922
7.544800,-0.100000,0.000000,-0.019374,-0.125806,-0.000000,0.002955
7.545000,-0.100000,0.000000,-0.019434,-0.126567,-0.000000,0.002989
7.545200,-0.100000,0.000000,-0.019494,-0.127325,-0.000000,0.003022
7.545400,-0.100000,0.000000,-0.019554,-0.128086,-0.000000,0.003055
7.545600,-0.100000,0.000000,-0.019615,-0.128866,-0.000000,0.003096
7.545800,-0.100000,0.000000,-0.019678,-0.129653,-0.000000,0.003140
7.546000,-0.100000,0.000000,-0.019740,-0.130442,-0.000000,0.003184
7.546200,-0.100000,0.000000,-0.019802,-0.131229,-0.000000,0.003228
7.546400,-0.100000,0.000000,-0.019864,-0.132017,-0.000000,0.003273
7.546600,-0.100000,0.000000,-0.019926,-0.132805,-0.000000,0.003317
7.546800,-0.100000,0.000000,-0.019988,-0.133593,-0.000000,0.003361
7.547000,-0.100000,0.000000,-0.020050,-0.134380,-0.000000,0.003405
7.547200,-0.100000,0.000000,-0.020112,-0.135167,-0.000000,0.003449
7.547400,-0.100000,0.000000,-0.020174,-0.135956,-0.000000,0.003494
7.547600,-0.100000,0.000000,-0.020236,-0.136743,-0.000000,0.003538
7.547800,-0.100000,0.000000,-0.020299,-0.137532,-0.000000,0.003582
7.548000,-0.100000,0.000000,-0.020361,-0.138319,-0.000000,0.003626
7.548200,-0.100000,0.000000,-0.020423,-0.139108,-0.000000,0.003670
7.548400,-0.100000,0.000000,-0.020485,-0.139895,-0.000000,0.003714
7.548600,-0.100000,0.000000,-0.020547,-0.140682,-0.000000,0.003759
7.548800,-0.100000,0.000000,-0.020609,-0.141471,-0.000000,0.003803
7.549000,-0.100000,0.000000,-0.020671,-0.142258,-0.000000,0.003847
7.549200,-0.100000,0.000000,-0.020733,-0.143062,-0.000000,0.003897
7.549400,-0.100000,0.000000,-0.020793,-0.143876,-0.000000,0.003951
7.549600,-0.100000,0.000000,-0.020854,-0.144691,-0.000000,0.004005
7.549800,-0.100000,0.000000,-0.020914,-0.145505,-0.000000,0.004059
7.550000,-0.100000,0.000000,-0.020975,-0.146321,-0.000000,0.004114
7.550200,-0.100000,0.000000,-0.021036,-0.147134,-0.000000,0.004168
7.550400,-0.100000,0.000000,-0.021096,-0.147948,-0.000000,0.004222
7.550600,-0.100000,0.000000,-0.021157,-0.148764,-0.000000,0.004276
7.550800,-0.100000,0.000000,-0.021218,-0.149578,-0.000000,0.004330
7.551000,-0.100000,0.000000,-0.021278,-0.150393,-0.000000,0.004384
7.551200,-0.100000,0.000000,-0.021339,-0.151207,-0.000000,0.004439
7.551400,-0.100000,0.000000,-0.021400,-0.152023,-0.000000,0.004493
7.551600,-0.100000,0.000000,-0.021460,-0.152836,-0.000000,0.004547
7.551800,-0.100000,0.000000,-0.021521,-0.153650,-0.000000,0.004601
7.552000,-0.100000,0.000000,-0.021582,-0.154466,0.000000,0.004655
7.552200,-0.100000,0.000000,-0.021642,-0.155280,0.000000,0.004710
7.552400,-0.100000,0.000000,-0.021703,-0.156095,0.000000,0.004764
7.552600,-0.100000,0.000000,-0.021763,-0.156909,0.000000,0.004818
7.552800,-0.100000,0.000000,-0.021822,-0.157734,0.000000,0.004875
7.553000,-0.100000,0.000000,-0.021877,-0.158572,0.000000,0.004937
7.553200,-0.100000,0.000000,-0.021932,-0.159410,0.000000,0.004998
7.553400,-0.100000,0.000000,-0.021987,-0.160251,0.000000,0.005060
7.553600,-0.100000,0.000000,-0.022042,-0.161089,0.000000,0.005122
7.553800,-0.100000,0.000000,-0.022097,-0.161929,0.000000,0.005183
7.554000,-0.100000,0.000000,-0.022152,-0.162768,0.000000,0.005245
7.554200,-0.100000,0.000000,-0.022207,-0.163608,0.000000,0.005307
7.554400,-0.100000,0.000000,-0.022262,-0.164446,0.000000,0.005368
7.554600,-0.100000,0.000000,-0.022316,-0.165285,0.000000,0.005430
7.554800,-0.100000,0.000000,-0.022371,-0.166125,0.000000,0.005492
7.555000,-0.100000,0.000000,-0.022426,-0.166963,0.000000,0.005553
7.555200,-0.100000,0.000000,-0.022481,-0.167804,0.000000,0.005615
7.555400,-0.100000,0.000000,-0.022536,-0.168642,0.000000,0.005676
7.555600,-0.100000,0.000000,-0.022591,-0.169482,0.000000,0.005738
7.555800,-0.100000,0.000000,-0.022646,-0.170321,0.000000,0.005800
7.556000,-0.100000,0.000000,-0.022701,-0.171159,0.000000,0.005861
7.556200,-0.100000,0.000000,-0.022756,-0.172000,0.000000,0.005923
7.556400,-0.100000,0.000000,-0.022809,-0.172842,0.000000,0.005986
7.556600,-0.100000,0.000000,-0.022854,-0.173704,0.000000,0.006052
7.556800,-0.100000,0.000000,-0.022899,-0.174564,0.000000,0.006118
7.557000,-0.100000,0.000000,-0.022944,-0.175426,0.000000,0.006184
7.557200,-0.100000,0.000000,-0.022989,-0.176286,0.000000,0.006250
7.557400,-0.100000,0.000000,-0.023034,-0.177146,0.000000,0.006316
7.557600,-0.100000,0.000000,-0.023079,-0.178008,0.000000,0.006382
7.557800,-0.100000,0.000000,-0.023124,-0.178868,0.000000,0.006448
7.558000,-0.100000,0.000000,-0.023170,-0.179730,0.000000,0.006514
7.558200,-0.100000,0.000000,-0.023215,-0.180590,0.000000,0.006580
7.558400,-0.100000,0.000000,-0.023260,-0.181452,0.000000,0.006646
7.558600,-0.100000,0.000000,-0.023305,-0.182311,0.000000,0.006712
7.558800,-0.100000,0.000000,-0.023350,-0.183171,0.000000,0.006778
7.559000,-0.100000,0.000000,-0.023395,-0.184033,0.000000,0.006844
7.559200,-0.100000,0.000000,-0.023440,-0.184893,0.000000,0.006910
7.559400,-0.100000,0.000000,-0.023485,-0.185755,0.000000,0.006976
7.559600,-0.100000,0.000000,-0.023530,-0.186615,0.000000,0.007042
7.559800,-0.100000,0.000000,-0.023575,-0.187477,0.000000,0.007108
7.560000,-0.100000,0.000000,-0.023620,-0.188337,0.000000,0.007174
7.560200,-0.100000,0.000000,-0.023651,-0.189214,0.000000,0.007241
7.560400,-0.100000,0.000000,-0.023682,-0.190093,0.000000,0.007308
7.560600,-0.100000,0.000000,-0.023713,-0.190969,0.000000,0.007375
7.560800,-0.100000,0.000000,-0.023744,-0.191848,0.000000,0.007442
7.561000,-0.100000,0.000000,-0.023775,-0.192725,0.000000,0.007509
7.561200,-0.100000,0.000000,-0.023806,-0.193604,0.000000,0.007576
7.561400,-0.100000,0.000000,-0.023837,-0.194480,0.000000,0.007643
7.561600,-0.100000,0.000000,-0.023868,-0.195357,0.000000,0.007710
7.561800,-0.100000,0.000000,-0.023899,-0.196236,-0.000000,0.007778
7.562000,-0.100000,0.000000,-0.023930,-0.197113,-0.000000,0.007845
7.562200,-0.100000,0.000000,-0.023961,-0.197991,-0.000000,0.007912
7.562400,-0.100000,0.000000,-0.023992,-0.198868,-0.000000,0.007979
7.562600,-0.100000,0.000000,-0.024023,-0.199747,-0.000000,0.008046
7.562800,-0.100000,0.000000,-0.024054,-0.200624,-0.000000,0.008113
7.563000,-0.100000,0.000000,-0.024085,-0.201500,-0.000000,0.008180
7.563200,-0.100000,0.000000,-0.024116,-0.202379,-0.000000,0.008247
7.563400,-0.100000,0.000000,-0.024147,-0.203256,-0.000000,0.008315
7.563600,-0.100000,0.000000,-0.024178,-0.204135,-0.000000,0.008382
7.563800,-0.100000,0.000000,-0.024195,-0.205019,-0.000000,0.008447
7.564000,-0.100000,0.000000,-0.024208,-0.205908,-0.000000,0.008512
7.564200,-0.100000,0.000000,-0.024221,-0.206794,-0.000000,0.008577
7.564400,-0.100000,0.000000,-0.024234,-0.207681,-0.000000,0.008642
7.564600,-0.100000,0.000000,-0.024248,-0.208569,-0.000000,0.008708
7.564800,-0.100000,0.000000,-0.024261,-0.209456,-0.000000,0.008773
7.565000,-0.100000,0.000000,-0.024274,-0.210344,-0.000000,0.008838
7.565200,-0.100000,0.000000,-0.024287,-0.211231,-0.000000,0.008903
7.565400,-0.100000,0.000000,-0.024301,-0.212119,-0.000000,0.008968
7.565600,-0.100000,0.000000,-0.024314,-0.213005,-0.000000,0.009033
7.565800,-0.100000,0.000000,-0.024327,-0.213892,-0.000000,0.009098
7.566000,-0.100000,0.000000,-0.024340,-0.214780,-0.000000,0.009163
7.566200,-0.100000,0.000000,-0.024354,-0.215667,-0.000000,0.009228
7.566400,-0.100000,0.000000,-0.024367,-0.216555,-0.000000,0.009293
7.566600,-0.100000,0.000000,-0.024380,-0.217442,-0.000000,0.009358
7.566800,-0.100000,0.000000,-0.024393,-0.218330,-0.000000,0.009424
7.567000,-0.100000,0.000000,-0.024406,-0.219217,0.000000,0.009489
7.567200,-0.100000,0.000000,-0.024420,-0.220103,0.000000,0.009554
7.567400,-0.100000,0.000000,-0.024420,-0.220992,0.000000,0.009615
7.567600,-0.100000,0.000000,-0.024412,-0.221879,0.000000,0.009675
7.567800,-0.100000,0.000000,-0.024404,-0.222768,0.000000,0.009735
7.568000,-0.100000,0.000000,-0.024396,-0.223655,0.000000,0.009794
7.568200,-0.100000,0.000000,-0.024388,-0.224544,0.000000,0.009854
7.568400,-0.100000,0.000000,-0.024381,-0.225431,0.000000,0.009914
7.568600,-0.100000,0.000000,-0.024373,-0.226318,0.000000,0.009973
7.568800,-0.100000,0.000000,-0.024365,-0.227207,0.000000,0.010033
7.569000,-0.100000,0.000000,-0.024357,-0.228094,0.000000,0.010093
7.569200,-0.100000,0.000000,-0.024349,-0.228983,0.000000,0.010152
7.569400,-0.100000,0.000000,-0.024341,-0.229870,0.000000,0.010212
7.569600,-0.100000,0.000000,-0.024334,-0.230759,0.000000,0.010272
7.569800,-0.100000,0.000000,-0.024326,-0.231646,0.000000,0.010331
7.570000,-0.100000,0.000000,-0.024318,-0.232533,0.000000,0.010391
7.570200,-0.100000,0.000000,-0.024310,-0.233422,0.000000,0.010450
7.570400,-0.100000,0.000000,-0.024302,-0.234309,0.000000,0.010510
7.570600,-0.100000,0.000000,-0.024295,-0.235198,0.000000,0.010570
7.570800,-0.100000,0.000000,-0.024287,-0.236085,0.000000,0.010629
7.571000,-0.100000,0.000000,-0.024268,-0.236969,0.000000,0.010685
7.571200,-0.100000,0.000000,-0.024237,-0.237846,0.000000,0.010735
7.571400,-0.100000,0.000000,-0.024205,-0.238724,0.000000,0.010785
7.571600,-0.100000,0.000000,-0.024174,-0.239600,0.000000,0.010836
7.571800,-0.100000,0.000000,-0.024142,-0.240477,0.000000,0.010886
7.572000,-0.100000,0.000000,-0.024111,-0.241355,0.000000,0.010936
7.572200,-0.100000,0.000000,-0.024079,-0.242231,0.000000,0.010986
7.572400,-0.100000,0.000000,-0.024047,-0.243110,0.000000,0.011037
7.572600,-0.100000,0.000000,-0.024016,-0.243986,0.000000,0.011087
7.572800,-0.100000,0.000000,-0.023984,-0.244864,0.000000,0.011137
7.573000,-0.100000,0.000000,-0.023953,-0.245741,0.000000,0.011188
7.573200,-0.100000,0.000000,-0.023921,-0.246617,0.000000,0.011238
7.573400,-0.100000,0.000000,-0.023890,-0.247495,-0.000000,0.011288
7.573600,-0.100000,0.000000,-0.023858,-0.248372,-0.000000,0.011338
7.573800,-0.100000,0.000000,-0.023827,-0.249250,-0.000000,0.011389
7.574000,-0.100000,0.000000,-0.023795,-0.250126,-0.000000,0.011439
7.574200,-0.100000,0.000000,-0.023764,-0.251005,-0.000000,0.011489
7.574400,-0.100000,0.000000,-0.023732,-0.251881,-0.000000,0.011539
7.574600,-0.100000,0.000000,-0.023694,-0.252751,-0.000000,0.011586
7.574800,-0.100000,0.000000,-0.023636,-0.253605,-0.000000,0.011622
7.575000,-0.100000,0.000000,-0.023578,-0.254458,-0.000000,0.011658
7.575200,-0.100000,0.000000,-0.023520,-0.255312,-0.000000,0.011694
7.575400,-0.100000,0.000000,-0.023463,-0.256165,-0.000000,0.011730
7.575600,-0.100000,0.000000,-0.023405,-0.257019,-0.000000,0.011767
7.575800,-0.100000,0.000000,-0.023347,-0.257872,-0.000000,0.011803
7.576000,-0.100000,0.000000,-0.023290,-0.258724,-0.000000,0.011839
7.576200,-0.100000,0.000000,-0.023232,-0.259578,-0.000000,0.011875
7.576400,-0.100000,0.000000,-0.023174,-0.260431,-0.000000,0.011911
7.576600,-0.100000,0.000000,-0.023116,-0.261285,-0.000000,0.011947
7.576800,-0.100000,0.000000,-0.023059,-0.262138,-0.000000,0.011983
7.577000,-0.100000,0.000000,-0.023001,-0.262992,0.000000,0.012019
7.577200,-0.100000,0.000000,-0.022943,-0.263845,0.000000,0.012056
7.577400,-0.100000,0.000000,-0.022885,-0.264697,0.000000,0.012092
7.577600,-0.100000,0.000000,-0.022828,-0.265551,0.000000,0.012128
7.577800,-0.100000,0.000000,-0.022770,-0.266404,0.000000,0.012164
7.578000,-0.100000,0.000000,-0.022712,-0.267258,0.000000,0.012200
7.578200,-0.100000,0.000000,-0.022652,-0.268107,0.000000,0.012234
7.578400,-0.100000,0.000000,-0.022565,-0.268920,0.000000,0.012252
7.578600,-0.100000,0.000000,-0.022479,-0.269732,0.000000,0.012269
7.578800,-0.100000,0.000000,-0.022392,-0.270543,0.000000,0.012287
7.579000,-0.100000,0.000000,-0.022306,-0.271356,0.000000,0.012304
7.579200,-0.100000,0.000000,-0.022219,-0.272168,0.000000,0.012321
7.579400,-0.100000,0.000000,-0.022133,-0.272981,0.000000,0.012339
7.579600,-0.100000,0.000000,-0.022046,-0.273793,0.000000,0.012356
7.579800,-0.100000,0.000000,-0.021959,-0.274606,0.000000,0.012374
7.580000,-0.100000,0.000000,-0.021873,-0.275417,0.000000,0.012391
7.580200,-0.100000,0.000000,-0.021787,-0.276229,0.000000,0.012408
7.580400,-0.100000,0.000000,-0.021700,-0.277042,0.000000,0.012426
7.580600,-0.100000,0.000000,-0.021613,-0.277853,0.000000,0.012443
7.580800,-0.100000,0.000000,-0.021527,-0.278667,0.000000,0.012460
7.581000,-0.100000,0.000000,-0.021440,-0.279478,0.000000,0.012478
7.581200,-0.100000,0.000000,-0.021354,-0.280291,0.000000,0.012495
7.581400,-0.100000,0.000000,-0.021267,-0.281103,0.000000,0.012513
7.581600,-0.100000,0.000000,-0.021181,-0.281914,0.000000,0.012530
7.581800,-0.100000,0.000000,-0.021094,-0.282728,0.000000,0.012547
7.582000,-0.100000,0.000000,-0.020979,-0.283477,0.000000,0.012543
7.582200,-0.100000,0.000000,-0.020861,-0.284223,0.000000,0.012536
7.582400,-0.100000,0.000000,-0.020743,-0.284967,0.000000,0.012529
7.582600,-0.100000,0.000000,-0.020624,-0.285712,0.000000,0.012523
7.582800,-0.100000,0.000000,-0.020506,-0.286456,0.000000,0.012516
7.583000,-0.100000,0.000000,-0.020389,-0.287200,-0.000000,0.012509
7.583200,-0.100000,0.000000,-0.020270,-0.287945,-0.000000,0.012503
7.583400,-0.100000,0.000000,-0.020152,-0.288689,-0.000000,0.012496
7.583600,-0.100000,0.000000,-0.020034,-0.289434,-0.000000,0.012489
7.583800,-0.100000,0.000000,-0.019916,-0.290178,-0.000000,0.012482
7.584000,-0.100000,0.000000,-0.019798,-0.290924,-0.000000,0.012476
7.584200,-0.100000,0.000000,-0.019680,-0.291667,-0.000000,0.012469
7.584400,-0.100000,0.000000,-0.019562,-0.292411,-0.000000,0.012462
7.584600,-0.100000,0.000000,-0.019443,-0.293157,-0.000000,0.012456
7.584800,-0.100000,0.000000,-0.019325,-0.293900,-0.000000,0.012449
7.585000,-0.100000,0.000000,-0.019207,-0.294646,-0.000000,0.012442
7.585200,-0.100000,0.000000,-0.019089,-0.295390,-0.000000,0.012436
7.585400,-0.100000,0.000000,-0.018971,-0.296135,-0.000000,0.012429
7.585600,-0.100000,0.000000,-0.018829,-0.296787,-0.000000,0.012399
7.585800,-0.100000,0.000000,-0.018679,-0.297403,-0.000000,0.012360
7.586000,-0.100000,0.000000,-0.018528,-0.298021,-0.000000,0.012322
7.586200,-0.100000,0.000000,-0.018377,-0.298638,-0.000000,0.012283
7.586400,-0.100000,0.000000,-0.018227,-0.299256,-0.000000,0.012244
7.586600,-0.100000,0.000000,-0.018076,-0.299873,-0.000000,0.012206
7.586800,-0.100000,0.000000,-0.017925,-0.300491,-0.000000,0.012167
7.587000,-0.100000,0.000000,-0.017775,-0.301108,-0.000000,0.012128
7.587200,-0.100000,0.000000,-0.017624,-0.301725,-0.000000,0.012090
7.587400,-0.100000,0.000000,-0.017473,-0.302343,-0.000000,0.012051
7.587600,-0.100000,0.000000,-0.017323,-0.302960,-0.000000,0.012012
7.587800,-0.100000,0.000000,-0.017172,-0.303578,-0.000000,0.011974
7.588000,-0.100000,0.000000,-0.017021,-0.304195,0.000000,0.011935
7.588200,-0.100000,0.000000,-0.016870,-0.304813,0.000000,0.011896
7.588400,-0.100000,0.000000,-0.016720,-0.305430,0.000000,0.011858
7.588600,-0.100000,0.000000,-0.016569,-0.306047,0.000000,0.011819
7.588800,-0.100000,0.000000,-0.016419,-0.306665,0.000000,0.011780
7.589000,-0.100000,0.000000,-0.016268,-0.307282,0.000000,0.011742
7.589200,-0.100000,0.000000,-0.016093,-0.307738,0.000000,0.011683
7.589400,-0.100000,0.000000,-0.015899,-0.308057,0.000000,0.011607
7.589600,-0.100000,0.000000,-0.015705,-0.308378,0.000000,0.011531
7.589800,-0.100000,0.000000,-0.015511,-0.308698,0.000000,0.011455
7.590000,-0.100000,0.000000,-0.015316,-0.309019,0.000000,0.011379
7.590200,-0.100000,0.000000,-0.015122,-0.309339,0.000000,0.011303
7.590400,-0.100000,0.000000,-0.014928,-0.309658,0.000000,0.011227
7.590600,-0.100000,0.000000,-0.014733,-0.309979,0.000000,0.011151
7.590800,-0.100000,0.000000,-0.014539,-0.310299,0.000000,0.011075
7.591000,-0.100000,0.000000,-0.014345,-0.310620,0.000000,0.010999
7.591200,-0.100000,0.000000,-0.014151,-0.310940,0.000000,0.010924
7.591400,-0.100000,0.000000,-0.013956,-0.311260,0.000000,0.010848
7.591600,-0.100000,0.000000,-0.013762,-0.311580,0.000000,0.010772
7.591800,-0.100000,0.000000,-0.013568,-0.311900,0.000000,0.010696
7.592000,-0.100000,0.000000,-0.013374,-0.312221,0.000000,0.010620
7.592200,-0.100000,0.000000,-0.013180,-0.312541,0.000000,0.010544
7.592400,-0.100000,0.000000,-0.012985,-0.312861,0.000000,0.010468
7.592600,-0.100000,0.000000,-0.012791,-0.313181,0.000000,0.010392
7.592800,-0.100000,0.000000,-0.012539,-0.313080,0.000000,0.010321
7.593000,-0.100000,0.000000,-0.012187,-0.312244,0.000000,0.010260
7.593200,-0.100000,0.000000,-0.011836,-0.311409,0.000000,0.010198
7.593400,-0.100000,0.000000,-0.011483,-0.310572,0.000000,0.010136
7.593600,-0.100000,0.000000,-0.011132,-0.309736,0.000000,0.010075
7.593800,-0.100000,0.000000,-0.010779,-0.308899,0.000000,0.010013
7.594000,-0.100000,0.000000,-0.010428,-0.308063,0.000000,0.009951
7.594200,-0.100000,0.000000,-0.010075,-0.307226,0.000000,0.009889
7.594400,-0.100000,0.000000,-0.009724,-0.306391,0.000000,0.009828
7.594600,-0.100000,0.000000,-0.009372,-0.305555,0.000000,0.009766
7.594800,-0.100000,0.000000,-0.009020,-0.304718,0.000000,0.009704
7.595000,-0.100000,0.000000,-0.008668,-0.303882,0.000000,0.009642
7.595200,-0.100000,0.000000,-0.008316,-0.303045,0.000000,0.009581
7.595400,-0.100000,0.000000,-0.007964,-0.302209,0.000000,0.009519
7.595600,-0.100000,0.000000,-0.007612,-0.301372,0.000000,0.009457
7.595800,-0.100000,0.000000,-0.007260,-0.300537,-0.000000,0.009396
7.596000,-0.100000,0.000000,-0.006908,-0.299701,-0.000000,0.009334
7.596200,-0.100000,0.000000,-0.006556,-0.298864,-0.000000,0.009272
7.596400,-0.100000,0.000000,-0.006206,-0.295208,-0.000000,0.009219
7.596600,-0.100000,0.000000,-0.005860,-0.278786,-0.000000,0.009205
7.596800,-0.100000,0.000000,-0.005516,-0.262403,-0.000000,0.009191
7.597000,-0.100000,0.000000,-0.005171,-0.245981,-0.000000,0.009176
7.597200,-0.100000,0.000000,-0.004826,-0.229598,-0.000000,0.009162
7.597400,-0.100000,0.000000,-0.004482,-0.213215,-0.000000,0.009148
7.597600,-0.100000,0.000000,-0.004137,-0.196793,-0.000000,0.009134
7.597800,-0.100000,0.000000,-0.003792,-0.180409,-0.000000,0.009120
7.598000,-0.100000,0.000000,-0.003447,-0.163987,-0.000000,0.009105
7.598200,-0.100000,0.000000,-0.003103,-0.147604,-0.000000,0.009091
7.598400,-0.100000,0.000000,-0.002758,-0.131182,-0.000000,0.009077
7.598600,-0.100000,0.000000,-0.002413,-0.114799,-0.000000,0.009063
7.598800,-0.100000,0.000000,-0.002069,-0.098416,-0.000000,0.009048
7.599000,-0.100000,0.000000,-0.001724,-0.081994,-0.000000,0.009034
7.599200,-0.100000,0.000000,-0.001379,-0.065611,-0.000000,0.009020
7.599400,-0.100000,0.000000,-0.001034,-0.049188,-0.000000,0.009006
7.599600,-0.100000,0.000000,-0.000690,-0.032805,-0.000000,0.008992
7.599800,-0.100000,0.000000,-0.000344,-0.016383,-0.000000,0.008977
7.600000,-0.100000,0.000000,0.000000,0.000000,0.000000,0.008963
